<metadata xml:lang="en"><Esri><CreaDate>20210630</CreaDate><CreaTime>12164400</CreaTime><ArcGISFormat>1.0</ArcGISFormat><SyncOnce>FALSE</SyncOnce><DataProperties><lineage><Process ToolSource="c:\program files\arcgis\pro\Resources\ArcToolbox\toolboxes\Data Management Tools.tbx\CreateFeatureclass" Date="20210630" Time="115011">CreateFeatureclass "G:\Shared drives\ESGR_datasets_in_progress\ForestGEO_BigWoods_plots\Stem_maps\Stem_maps.gdb" stemmaps_0_ines_XYTableToPoint6 Point stemmaps_0_ines.csv No No "PROJCS['NAD_1983_StatePlane_Michigan_South_FIPS_2113',GEOGCS['GCS_North_American_1983',DATUM['D_North_American_1983',SPHEROID['GRS_1980',6378137.0,298.257222101]],PRIMEM['Greenwich',0.0],UNIT['Degree',0.0174532925199433]],PROJECTION['Lambert_Conformal_Conic'],PARAMETER['False_Easting',4000000.0],PARAMETER['False_Northing',0.0],PARAMETER['Central_Meridian',-84.36666666666666],PARAMETER['Standard_Parallel_1',42.1],PARAMETER['Standard_Parallel_2',43.66666666666666],PARAMETER['Latitude_Of_Origin',41.5],UNIT['Meter',1.0]];-32655900 -29624700 10000;-100000 10000;-100000 10000;0.001;0.001;0.001;IsHighPrecision" # 0 0 0 #</Process><Process ToolSource="c:\program files\arcgis\pro\Resources\ArcToolbox\toolboxes\Data Management Tools.tbx\XYTableToPoint" Date="20210630" Time="115109">XYTableToPoint stemmaps_0_ines.csv "G:\Shared drives\ESGR_datasets_in_progress\ForestGEO_BigWoods_plots\Stem_maps\Stem_maps.gdb\stemmaps_0_ines_XYTableToPoint6" Longitude Latitude # "PROJCS['NAD_1983_StatePlane_Michigan_South_FIPS_2113',GEOGCS['GCS_North_American_1983',DATUM['D_North_American_1983',SPHEROID['GRS_1980',6378137.0,298.257222101]],PRIMEM['Greenwich',0.0],UNIT['Degree',0.0174532925199433]],PROJECTION['Lambert_Conformal_Conic'],PARAMETER['False_Easting',4000000.0],PARAMETER['False_Northing',0.0],PARAMETER['Central_Meridian',-84.36666666666666],PARAMETER['Standard_Parallel_1',42.1],PARAMETER['Standard_Parallel_2',43.66666666666666],PARAMETER['Latitude_Of_Origin',41.5],UNIT['Meter',1.0]];-32655900 -29624700 10000;-100000 10000;-100000 10000;0.001;0.001;0.001;IsHighPrecision"</Process><Process ToolSource="c:\program files\arcgis\pro\Resources\ArcToolbox\toolboxes\Conversion Tools.tbx\FeatureClassToFeatureClass" Date="20210630" Time="115656">FeatureClassToFeatureClass stemmaps_0_ines_XYTableToPoint6 "G:\Shared drives\ESGR_datasets_in_progress\ForestGEO_BigWoods_plots\Stem_maps\Stem_maps.gdb" Ibanez_stemMaps_AA # "Location "Location" true true false 8000 Text 0 0,First,#,stemmaps_0_ines_XYTableToPoint6,Location,0,8000;Site "Site" true true false 8000 Text 0 0,First,#,stemmaps_0_ines_XYTableToPoint6,Site,0,8000;Species "Species" true true false 8000 Text 0 0,First,#,stemmaps_0_ines_XYTableToPoint6,Species,0,8000;Tag "Tag" true true false 8 Double 0 0,First,#,stemmaps_0_ines_XYTableToPoint6,Tag,-1,-1;TreeID "TreeID" true true false 8000 Text 0 0,First,#,stemmaps_0_ines_XYTableToPoint6,TreeID,0,8000;Year "Year" true true false 4 Long 0 0,First,#,stemmaps_0_ines_XYTableToPoint6,Year,-1,-1;Diameter "Diameter" true true false 8 Double 0 0,First,#,stemmaps_0_ines_XYTableToPoint6,Diameter,-1,-1;Xplot "Xplot" true true false 8 Double 0 0,First,#,stemmaps_0_ines_XYTableToPoint6,Xplot,-1,-1;Yplot "Yplot" true true false 8 Double 0 0,First,#,stemmaps_0_ines_XYTableToPoint6,Yplot,-1,-1;Latitude "Latitude" true true false 8 Double 0 0,First,#,stemmaps_0_ines_XYTableToPoint6,Latitude,-1,-1;Longitude "Longitude" true true false 8 Double 0 0,First,#,stemmaps_0_ines_XYTableToPoint6,Longitude,-1,-1;Elevation "Elevation" true true false 8 Double 0 0,First,#,stemmaps_0_ines_XYTableToPoint6,Elevation,-1,-1" #</Process><Process ToolSource="c:\program files\arcgis\pro\Resources\ArcToolbox\toolboxes\Data Management Tools.tbx\Project" Date="20210630" Time="121722">Project Ibanez_stemMaps_AA "G:\Shared drives\ESGR_datasets_in_progress\ForestGEO_BigWoods_plots\Stem_maps\Stem_maps.gdb\Ibanez_stemMaps_AA_MichGeoRef_meters" PROJCS['NAD_1983_Michigan_GeoRef_Meters',GEOGCS['GCS_North_American_1983',DATUM['D_North_American_1983',SPHEROID['GRS_1980',6378137.0,298.257222101]],PRIMEM['Greenwich',0.0],UNIT['Degree',0.0174532925199433]],PROJECTION['Hotine_Oblique_Mercator_Azimuth_Natural_Origin'],PARAMETER['False_Easting',2546731.496],PARAMETER['False_Northing',-4354009.816],PARAMETER['Scale_Factor',0.9996],PARAMETER['Azimuth',337.25556],PARAMETER['Longitude_Of_Center',-86.0],PARAMETER['Latitude_Of_Center',45.30916666666666],UNIT['Meter',1.0]] # PROJCS['NAD_1983_StatePlane_Michigan_South_FIPS_2113',GEOGCS['GCS_North_American_1983',DATUM['D_North_American_1983',SPHEROID['GRS_1980',6378137.0,298.257222101]],PRIMEM['Greenwich',0.0],UNIT['Degree',0.0174532925199433]],PROJECTION['Lambert_Conformal_Conic'],PARAMETER['False_Easting',4000000.0],PARAMETER['False_Northing',0.0],PARAMETER['Central_Meridian',-84.36666666666666],PARAMETER['Standard_Parallel_1',42.1],PARAMETER['Standard_Parallel_2',43.66666666666666],PARAMETER['Latitude_Of_Origin',41.5],UNIT['Meter',1.0]] NO_PRESERVE_SHAPE # NO_VERTICAL</Process><Process ToolSource="c:\program files\arcgis\pro\Resources\ArcToolbox\toolboxes\Data Management Tools.tbx\Append" Date="20210630" Time="123253">Append Ibanez_stemMaps_UMBS_MichGeoRef_meters Ibanez_stemMaps_AA_MichGeoRef_meters "Input fields must match target fields" # # #</Process><Process ToolSource="c:\program files\arcgis\pro\Resources\ArcToolbox\toolboxes\Data Management Tools.tbx\AddXY" Date="20210630" Time="123909">AddXY Ibanez_stemMaps_MichGeoRef_meters</Process><Process ToolSource="c:\program files\arcgis\pro\Resources\ArcToolbox\toolboxes\Data Management Tools.tbx\DeleteField" Date="20210630" Time="124754">DeleteField Ibanez_stemMaps_MichGeoRef_meters Latitude</Process><Process ToolSource="c:\program files\arcgis\pro\Resources\ArcToolbox\toolboxes\Data Management Tools.tbx\DeleteField" Date="20210630" Time="124931">DeleteField Ibanez_stemMaps_MichGeoRef_meters Longitude</Process><Process ToolSource="c:\program files\arcgis\pro\Resources\ArcToolbox\toolboxes\Data Management Tools.tbx\UpdateSchema" Date="20210630" Time="125426">UpdateSchema "CIMDATA=&lt;CIMStandardDataConnection xsi:type='typens:CIMStandardDataConnection' xmlns:xsi='http://www.w3.org/2001/XMLSchema-instance' xmlns:xs='http://www.w3.org/2001/XMLSchema' xmlns:typens='http://www.esri.com/schemas/ArcGIS/2.7.0'&gt;&lt;WorkspaceConnectionString&gt;DATABASE=G:\Shared drives\ESGR_datasets_in_progress\ForestGEO_BigWoods_plots\Stem_maps\Stem_maps.gdb&lt;/WorkspaceConnectionString&gt;&lt;WorkspaceFactory&gt;FileGDB&lt;/WorkspaceFactory&gt;&lt;Dataset&gt;Ibanez_stemMaps_AA_MichGeoRef_meters&lt;/Dataset&gt;&lt;DatasetType&gt;esriDTFeatureClass&lt;/DatasetType&gt;&lt;/CIMStandardDataConnection&gt;" &lt;operationSequence&gt;&lt;workflow&gt;&lt;AlterField&gt;&lt;field_name&gt;POINT_X&lt;/field_name&gt;&lt;new_field_name&gt;POINT_X_MichGeoRef&lt;/new_field_name&gt;&lt;field_is_nullable&gt;True&lt;/field_is_nullable&gt;&lt;clear_field_alias&gt;False&lt;/clear_field_alias&gt;&lt;/AlterField&gt;&lt;/workflow&gt;&lt;workflow&gt;&lt;AlterField&gt;&lt;field_name&gt;POINT_Y&lt;/field_name&gt;&lt;new_field_name&gt;POINT_Y_MichGeoRef&lt;/new_field_name&gt;&lt;field_is_nullable&gt;True&lt;/field_is_nullable&gt;&lt;clear_field_alias&gt;False&lt;/clear_field_alias&gt;&lt;/AlterField&gt;&lt;/workflow&gt;&lt;workflow&gt;&lt;AddField&gt;&lt;field_name&gt;Field&lt;/field_name&gt;&lt;field_type&gt;LONG&lt;/field_type&gt;&lt;field_alias&gt;Field&lt;/field_alias&gt;&lt;field_is_nullable&gt;True&lt;/field_is_nullable&gt;&lt;field_is_required&gt;False&lt;/field_is_required&gt;&lt;/AddField&gt;&lt;/workflow&gt;&lt;/operationSequence&gt;</Process><Process ToolSource="c:\program files\arcgis\pro\Resources\ArcToolbox\toolboxes\Data Management Tools.tbx\DeleteField" Date="20210630" Time="125913">DeleteField Ibanez_stemMaps_MichGeoRef_meters Field</Process><Process ToolSource="c:\program files\arcgis\pro\Resources\ArcToolbox\toolboxes\Conversion Tools.tbx\FeatureClassToFeatureClass" Date="20210630" Time="144714">FeatureClassToFeatureClass Ibanez_stemMaps_MichGeoRef_meters "G:\My Drive\Ibanez_UMBS_Data\EDI_data_publication\EDI_stemMaps_version2_June30_2021" Ibanez_stemMaps_MichGeoRef_meters.shp # "Location "Location" true true false 8000 Text 0 0,First,#,Ibanez_stemMaps_MichGeoRef_meters,Location,0,8000;Site "Site" true true false 8000 Text 0 0,First,#,Ibanez_stemMaps_MichGeoRef_meters,Site,0,8000;Species "Species" true true false 8000 Text 0 0,First,#,Ibanez_stemMaps_MichGeoRef_meters,Species,0,8000;Tag "Tag" true true false 8 Double 0 0,First,#,Ibanez_stemMaps_MichGeoRef_meters,Tag,-1,-1;TreeID "TreeID" true true false 8000 Text 0 0,First,#,Ibanez_stemMaps_MichGeoRef_meters,TreeID,0,8000;Year "Year" true true false 4 Long 0 0,First,#,Ibanez_stemMaps_MichGeoRef_meters,Year,-1,-1;Diameter "Diameter" true true false 8 Double 0 0,First,#,Ibanez_stemMaps_MichGeoRef_meters,Diameter,-1,-1;Xplot "Xplot" true true false 8 Double 0 0,First,#,Ibanez_stemMaps_MichGeoRef_meters,Xplot,-1,-1;Yplot "Yplot" true true false 8 Double 0 0,First,#,Ibanez_stemMaps_MichGeoRef_meters,Yplot,-1,-1;Elevation "Elevation" true true false 8 Double 0 0,First,#,Ibanez_stemMaps_MichGeoRef_meters,Elevation,-1,-1;POINT_X_MichGeoRef "POINT_X_MichGeoRef" true true false 8 Double 0 0,First,#,Ibanez_stemMaps_MichGeoRef_meters,POINT_X_MichGeoRef,-1,-1;POINT_Y_MichGeoRef "POINT_Y_MichGeoRef" true true false 8 Double 0 0,First,#,Ibanez_stemMaps_MichGeoRef_meters,POINT_Y_MichGeoRef,-1,-1" #</Process></lineage><itemProps><itemName Sync="TRUE">Ibanez_stemMaps_MichGeoRef_meters</itemName><imsContentType Sync="TRUE">002</imsContentType><itemLocation><linkage Sync="TRUE">file://\\UMBS-5CG84673TR\G\My Drive\Ibanez_UMBS_Data\EDI_data_publication\EDI_stemMaps_version2_June30_2021\Ibanez_stemMaps_MichGeoRef_meters.shp</linkage><protocol Sync="TRUE">Local Area Network</protocol></itemLocation><itemSize Sync="TRUE">0.000</itemSize></itemProps><coordRef><type Sync="TRUE">Projected</type><geogcsn Sync="TRUE">GCS_North_American_1983</geogcsn><csUnits Sync="TRUE">Linear Unit: Meter (1.000000)</csUnits><projcsn Sync="TRUE">NAD_1983_Michigan_GeoRef_Meters</projcsn><peXml Sync="TRUE">&lt;ProjectedCoordinateSystem xsi:type='typens:ProjectedCoordinateSystem' xmlns:xsi='http://www.w3.org/2001/XMLSchema-instance' xmlns:xs='http://www.w3.org/2001/XMLSchema' xmlns:typens='http://www.esri.com/schemas/ArcGIS/2.7.0'&gt;&lt;WKT&gt;PROJCS[&amp;quot;NAD_1983_Michigan_GeoRef_Meters&amp;quot;,GEOGCS[&amp;quot;GCS_North_American_1983&amp;quot;,DATUM[&amp;quot;D_North_American_1983&amp;quot;,SPHEROID[&amp;quot;GRS_1980&amp;quot;,6378137.0,298.257222101]],PRIMEM[&amp;quot;Greenwich&amp;quot;,0.0],UNIT[&amp;quot;Degree&amp;quot;,0.0174532925199433]],PROJECTION[&amp;quot;Hotine_Oblique_Mercator_Azimuth_Natural_Origin&amp;quot;],PARAMETER[&amp;quot;False_Easting&amp;quot;,2546731.496],PARAMETER[&amp;quot;False_Northing&amp;quot;,-4354009.816],PARAMETER[&amp;quot;Scale_Factor&amp;quot;,0.9996],PARAMETER[&amp;quot;Azimuth&amp;quot;,337.25556],PARAMETER[&amp;quot;Longitude_Of_Center&amp;quot;,-86.0],PARAMETER[&amp;quot;Latitude_Of_Center&amp;quot;,45.30916666666666],UNIT[&amp;quot;Meter&amp;quot;,1.0],AUTHORITY[&amp;quot;EPSG&amp;quot;,3078]]&lt;/WKT&gt;&lt;XOrigin&gt;-28810000&lt;/XOrigin&gt;&lt;YOrigin&gt;-30359300&lt;/YOrigin&gt;&lt;XYScale&gt;140069313.95609677&lt;/XYScale&gt;&lt;ZOrigin&gt;-100000&lt;/ZOrigin&gt;&lt;ZScale&gt;10000&lt;/ZScale&gt;&lt;MOrigin&gt;-100000&lt;/MOrigin&gt;&lt;MScale&gt;10000&lt;/MScale&gt;&lt;XYTolerance&gt;0.001&lt;/XYTolerance&gt;&lt;ZTolerance&gt;0.001&lt;/ZTolerance&gt;&lt;MTolerance&gt;0.001&lt;/MTolerance&gt;&lt;HighPrecision&gt;true&lt;/HighPrecision&gt;&lt;WKID&gt;102123&lt;/WKID&gt;&lt;LatestWKID&gt;3078&lt;/LatestWKID&gt;&lt;/ProjectedCoordinateSystem&gt;</peXml></coordRef><LayerFile>{"type":"CIMLayerDocument","version":"2.7.0","build":26828,"layers":["CIMPATH=Map/898048b1c27545f6b20bd30795071e78.xml"],"layerDefinitions":[{"type":"CIMFeatureLayer","name":"Ibanez_stemMaps_MichGeoRef_meters","uRI":"CIMPATH=Map/898048b1c27545f6b20bd30795071e78.xml","sourceModifiedTime":{"type":"TimeInstant"},"useSourceMetadata":true,"description":"Ibanez_stemMaps_AA_MichGeoRef_meters","layerElevation":{"type":"CIMLayerElevationSurface","mapElevationID":"{3B648B36-5A30-494C-8E51-0A38643A68C2}"},"expanded":true,"layerType":"Operational","showLegends":true,"visibility":true,"displayCacheType":"Permanent","maxDisplayCacheAge":5,"showPopups":true,"serviceLayerID":-1,"refreshRate":-1,"refreshRateUnit":"esriTimeUnitsSeconds","blendingMode":"Alpha","autoGenerateFeatureTemplates":true,"featureTable":{"type":"CIMFeatureTable","displayField":"Location","editable":true,"dataConnection":{"type":"CIMStandardDataConnection","workspaceConnectionString":"DATABASE=G:\\My Drive\\Ibanez_UMBS_Data\\EDI_data_publication\\EDI_stemMaps_version2_June30_2021","workspaceFactory":"Shapefile","dataset":"Ibanez_stemMaps_MichGeoRef_meters","datasetType":"esriDTFeatureClass"},"studyAreaSpatialRel":"esriSpatialRelUndefined","searchOrder":"esriSearchOrderSpatial"},"htmlPopupEnabled":true,"selectable":true,"featureCacheType":"Session","displayFiltersType":"ByScale","featureBlendingMode":"Alpha","labelClasses":[{"type":"CIMLabelClass","expression":"$feature.OBJECTID","expressionEngine":"Arcade","featuresToLabel":"AllVisibleFeatures","maplexLabelPlacementProperties":{"type":"CIMMaplexLabelPlacementProperties","featureType":"Point","avoidPolygonHoles":true,"canOverrunFeature":true,"canPlaceLabelOutsidePolygon":true,"canRemoveOverlappingLabel":true,"canStackLabel":true,"connectionType":"Unambiguous","constrainOffset":"NoConstraint","contourAlignmentType":"Page","contourLadderType":"Straight","contourMaximumAngle":90,"enableConnection":true,"enablePointPlacementPriorities":true,"featureWeight":0,"fontHeightReductionLimit":4,"fontHeightReductionStep":0.5,"fontWidthReductionLimit":90,"fontWidthReductionStep":5,"graticuleAlignmentType":"Straight","keyNumberGroupName":"Default","labelBuffer":15,"labelLargestPolygon":true,"labelPriority":-1,"labelStackingProperties":{"type":"CIMMaplexLabelStackingProperties","stackAlignment":"ChooseBest","maximumNumberOfLines":3,"minimumNumberOfCharsPerLine":3,"maximumNumberOfCharsPerLine":24,"separators":[{"type":"CIMMaplexStackingSeparator","separator":" ","splitAfter":true},{"type":"CIMMaplexStackingSeparator","separator":",","visible":true,"splitAfter":true}]},"lineFeatureType":"General","linePlacementMethod":"OffsetCurvedFromLine","maximumLabelOverrun":36,"maximumLabelOverrunUnit":"Point","minimumFeatureSizeUnit":"Map","multiPartOption":"OneLabelPerPart","offsetAlongLineProperties":{"type":"CIMMaplexOffsetAlongLineProperties","placementMethod":"BestPositionAlongLine","labelAnchorPoint":"CenterOfLabel","distanceUnit":"Percentage","useLineDirection":true},"pointExternalZonePriorities":{"type":"CIMMaplexExternalZonePriorities","aboveLeft":4,"aboveCenter":2,"aboveRight":1,"centerRight":3,"belowRight":5,"belowCenter":7,"belowLeft":8,"centerLeft":6},"pointPlacementMethod":"AroundPoint","polygonAnchorPointType":"GeometricCenter","polygonBoundaryWeight":0,"polygonExternalZones":{"type":"CIMMaplexExternalZonePriorities","aboveLeft":4,"aboveCenter":2,"aboveRight":1,"centerRight":3,"belowRight":5,"belowCenter":7,"belowLeft":8,"centerLeft":6},"polygonFeatureType":"General","polygonInternalZones":{"type":"CIMMaplexInternalZonePriorities","center":1},"polygonPlacementMethod":"CurvedInPolygon","primaryOffset":1,"primaryOffsetUnit":"Point","removeExtraWhiteSpace":true,"repetitionIntervalUnit":"Point","rotationProperties":{"type":"CIMMaplexRotationProperties","rotationType":"Arithmetic","alignmentType":"Straight"},"secondaryOffset":100,"strategyPriorities":{"type":"CIMMaplexStrategyPriorities","stacking":1,"overrun":2,"fontCompression":3,"fontReduction":4,"abbreviation":5},"thinningDistanceUnit":"Point","truncationMarkerCharacter":".","truncationMinimumLength":1,"truncationPreferredCharacters":"aeiou","truncationExcludedCharacters":"0123456789","polygonAnchorPointPerimeterInsetUnit":"Point"},"name":"Class 1","priority":-1,"standardLabelPlacementProperties":{"type":"CIMStandardLabelPlacementProperties","featureType":"Line","featureWeight":"Low","labelWeight":"High","numLabelsOption":"OneLabelPerName","lineLabelPosition":{"type":"CIMStandardLineLabelPosition","above":true,"inLine":true,"parallel":true},"lineLabelPriorities":{"type":"CIMStandardLineLabelPriorities","aboveStart":3,"aboveAlong":3,"aboveEnd":3,"centerStart":3,"centerAlong":3,"centerEnd":3,"belowStart":3,"belowAlong":3,"belowEnd":3},"pointPlacementMethod":"AroundPoint","pointPlacementPriorities":{"type":"CIMStandardPointPlacementPriorities","aboveLeft":2,"aboveCenter":2,"aboveRight":1,"centerLeft":3,"centerRight":2,"belowLeft":3,"belowCenter":3,"belowRight":2},"rotationType":"Arithmetic","polygonPlacementMethod":"AlwaysHorizontal"},"textSymbol":{"type":"CIMSymbolReference","symbol":{"type":"CIMTextSymbol","blockProgression":"TTB","depth3D":1,"extrapolateBaselines":true,"fontEffects":"Normal","fontEncoding":"Unicode","fontFamilyName":"Tahoma","fontStyleName":"Regular","fontType":"Unspecified","haloSize":1,"height":10,"hinting":"Default","horizontalAlignment":"Left","kerning":true,"letterWidth":100,"ligatures":true,"lineGapType":"ExtraLeading","symbol":{"type":"CIMPolygonSymbol","symbolLayers":[{"type":"CIMSolidFill","enable":true,"color":{"type":"CIMRGBColor","values":[0,0,0,100]}}]},"textCase":"Normal","textDirection":"LTR","verticalAlignment":"Bottom","verticalGlyphOrientation":"Right","wordSpacing":100,"billboardMode3D":"FaceNearPlane"}},"useCodedValue":true,"visibility":true,"iD":-1}],"renderer":{"type":"CIMSimpleRenderer","patch":"Default","symbol":{"type":"CIMSymbolReference","symbol":{"type":"CIMPointSymbol","symbolLayers":[{"type":"CIMVectorMarker","enable":true,"anchorPoint":{"x":0,"y":-0.5},"anchorPointUnits":"Relative","dominantSizeAxis3D":"Y","size":18.5,"billboardMode3D":"FaceNearPlane","frame":{"xmin":0,"ymin":0,"xmax":21,"ymax":21},"markerGraphics":[{"type":"CIMMarkerGraphic","geometry":{"curveRings":[[[15.19999999999999929,16.30000000000000071],{"b":[[11.15,11.67],[15.19999999999999929,13.93],[13.44,11.99]]},[11.15,1.3],[10.5,0],[9.8499999999999996,1.3],[9.8499999999999996,11.67],{"b":[[5.7999999999999998,16.30000000000000071],[7.5599999999999996,11.99],[5.7999999999999998,13.93]]},{"b":[[10.5,21],[5.7999999999999998,18.89999999999999858],[7.9000000000000004,21]]},{"b":[[15.19999999999999929,16.30000000000000071],[13.1,21],[15.19999999999999929,18.89999999999999858]]}]]},"symbol":{"type":"CIMPolygonSymbol","symbolLayers":[{"type":"CIMSolidStroke","enable":true,"capStyle":"Round","joinStyle":"Round","lineStyle3D":"Strip","miterLimit":10,"width":0.25,"color":{"type":"CIMRGBColor","values":[0,92,230,100]}},{"type":"CIMSolidFill","enable":true,"color":{"type":"CIMRGBColor","values":[255,255,0,100]}}]}}],"scaleSymbolsProportionally":true,"respectFrame":true}],"haloSize":1,"scaleX":1,"angleAlignment":"Display"}}},"scaleSymbols":true,"snappable":true}]}</LayerFile></DataProperties><SyncDate>20210630</SyncDate><SyncTime>14460000</SyncTime><ModDate>20210630</ModDate><ModTime>14460000</ModTime></Esri><dataIdInfo><envirDesc Sync="TRUE">Microsoft Windows 10 Version 10.0 (Build 19042) ; Esri ArcGIS 12.7.0.26828</envirDesc><dataLang><languageCode value="eng" Sync="TRUE"></languageCode><countryCode value="USA" Sync="TRUE"></countryCode></dataLang><idCitation><resTitle Sync="TRUE">Ibanez_stemMaps_MichGeoRef_meters</resTitle><presForm><PresFormCd value="005" Sync="TRUE"></PresFormCd></presForm></idCitation><spatRpType><SpatRepTypCd value="001" Sync="TRUE"></SpatRepTypCd></spatRpType></dataIdInfo><mdLang><languageCode value="eng" Sync="TRUE"></languageCode><countryCode value="USA" Sync="TRUE"></countryCode></mdLang><distInfo><distFormat><formatName Sync="TRUE">Shapefile</formatName></distFormat><distTranOps><transSize Sync="TRUE">0.000</transSize></distTranOps></distInfo><mdHrLv><ScopeCd value="005" Sync="TRUE"></ScopeCd></mdHrLv><mdHrLvName Sync="TRUE">dataset</mdHrLvName><refSysInfo><RefSystem><refSysID><identCode code="3078" Sync="TRUE"></identCode><idCodeSpace Sync="TRUE">EPSG</idCodeSpace><idVersion Sync="TRUE">6.5.3(9.2.0)</idVersion></refSysID></RefSystem></refSysInfo><spatRepInfo><VectSpatRep><geometObjs Name="Ibanez_stemMaps_MichGeoRef_meters"><geoObjTyp><GeoObjTypCd value="004" Sync="TRUE"></GeoObjTypCd></geoObjTyp><geoObjCnt Sync="TRUE">0</geoObjCnt></geometObjs><topLvl><TopoLevCd value="001" Sync="TRUE"></TopoLevCd></topLvl></VectSpatRep></spatRepInfo><spdoinfo><ptvctinf><esriterm Name="Ibanez_stemMaps_MichGeoRef_meters"><efeatyp Sync="TRUE">Simple</efeatyp><efeageom code="1" Sync="TRUE"></efeageom><esritopo Sync="TRUE">FALSE</esritopo><efeacnt Sync="TRUE">0</efeacnt><spindex Sync="TRUE">FALSE</spindex><linrefer Sync="TRUE">FALSE</linrefer></esriterm></ptvctinf></spdoinfo><eainfo><detailed Name="Ibanez_stemMaps_MichGeoRef_meters"><enttyp><enttypl Sync="TRUE">Ibanez_stemMaps_MichGeoRef_meters</enttypl><enttypt Sync="TRUE">Feature Class</enttypt><enttypc Sync="TRUE">0</enttypc></enttyp><attr><attrlabl Sync="TRUE">FID</attrlabl><attalias Sync="TRUE">FID</attalias><attrtype Sync="TRUE">OID</attrtype><attwidth Sync="TRUE">4</attwidth><atprecis Sync="TRUE">0</atprecis><attscale Sync="TRUE">0</attscale><attrdef Sync="TRUE">Internal feature number.</attrdef><attrdefs Sync="TRUE">Esri</attrdefs><attrdomv><udom Sync="TRUE">Sequential unique whole numbers that are automatically generated.</udom></attrdomv></attr><attr><attrlabl Sync="TRUE">Shape</attrlabl><attalias Sync="TRUE">Shape</attalias><attrtype Sync="TRUE">Geometry</attrtype><attwidth Sync="TRUE">0</attwidth><atprecis Sync="TRUE">0</atprecis><attscale Sync="TRUE">0</attscale><attrdef Sync="TRUE">Feature geometry.</attrdef><attrdefs Sync="TRUE">Esri</attrdefs><attrdomv><udom Sync="TRUE">Coordinates defining the features.</udom></attrdomv></attr><attr><attrlabl Sync="TRUE">Location</attrlabl><attalias Sync="TRUE">Location</attalias><attrtype Sync="TRUE">String</attrtype><attwidth Sync="TRUE">254</attwidth><atprecis Sync="TRUE">0</atprecis><attscale Sync="TRUE">0</attscale></attr><attr><attrlabl Sync="TRUE">Site</attrlabl><attalias Sync="TRUE">Site</attalias><attrtype Sync="TRUE">String</attrtype><attwidth Sync="TRUE">254</attwidth><atprecis Sync="TRUE">0</atprecis><attscale Sync="TRUE">0</attscale></attr><attr><attrlabl Sync="TRUE">Species</attrlabl><attalias Sync="TRUE">Species</attalias><attrtype Sync="TRUE">String</attrtype><attwidth Sync="TRUE">254</attwidth><atprecis Sync="TRUE">0</atprecis><attscale Sync="TRUE">0</attscale></attr><attr><attrlabl Sync="TRUE">Tag</attrlabl><attalias Sync="TRUE">Tag</attalias><attrtype Sync="TRUE">Double</attrtype><attwidth Sync="TRUE">19</attwidth><atprecis Sync="TRUE">0</atprecis><attscale Sync="TRUE">0</attscale></attr><attr><attrlabl Sync="TRUE">TreeID</attrlabl><attalias Sync="TRUE">TreeID</attalias><attrtype Sync="TRUE">String</attrtype><attwidth Sync="TRUE">254</attwidth><atprecis Sync="TRUE">0</atprecis><attscale Sync="TRUE">0</attscale></attr><attr><attrlabl Sync="TRUE">Year</attrlabl><attalias Sync="TRUE">Year</attalias><attrtype Sync="TRUE">Integer</attrtype><attwidth Sync="TRUE">10</attwidth><atprecis Sync="TRUE">10</atprecis><attscale Sync="TRUE">0</attscale></attr><attr><attrlabl Sync="TRUE">Diameter</attrlabl><attalias Sync="TRUE">Diameter</attalias><attrtype Sync="TRUE">Double</attrtype><attwidth Sync="TRUE">19</attwidth><atprecis Sync="TRUE">0</atprecis><attscale Sync="TRUE">0</attscale></attr><attr><attrlabl Sync="TRUE">Xplot</attrlabl><attalias Sync="TRUE">Xplot</attalias><attrtype Sync="TRUE">Double</attrtype><attwidth Sync="TRUE">19</attwidth><atprecis Sync="TRUE">0</atprecis><attscale Sync="TRUE">0</attscale></attr><attr><attrlabl Sync="TRUE">Yplot</attrlabl><attalias Sync="TRUE">Yplot</attalias><attrtype Sync="TRUE">Double</attrtype><attwidth Sync="TRUE">19</attwidth><atprecis Sync="TRUE">0</atprecis><attscale Sync="TRUE">0</attscale></attr><attr><attrlabl Sync="TRUE">Elevation</attrlabl><attalias Sync="TRUE">Elevation</attalias><attrtype Sync="TRUE">Double</attrtype><attwidth Sync="TRUE">19</attwidth><atprecis Sync="TRUE">0</atprecis><attscale Sync="TRUE">0</attscale></attr><attr><attrlabl Sync="TRUE">POINT_X_Mi</attrlabl><attalias Sync="TRUE">POINT_X_Mi</attalias><attrtype Sync="TRUE">Double</attrtype><attwidth Sync="TRUE">19</attwidth><atprecis Sync="TRUE">0</atprecis><attscale Sync="TRUE">0</attscale></attr><attr><attrlabl Sync="TRUE">POINT_Y_Mi</attrlabl><attalias Sync="TRUE">POINT_Y_Mi</attalias><attrtype Sync="TRUE">Double</attrtype><attwidth Sync="TRUE">19</attwidth><atprecis Sync="TRUE">0</atprecis><attscale Sync="TRUE">0</attscale></attr></detailed></eainfo><mdDateSt Sync="TRUE">20210630</mdDateSt></metadata>
